"episode"	"plot"	"rating"	"season"	"title"
1	"Rose Tyler is just an ordinary shop worker living an ordinary life in 21st century Britain. But that life is turned upside down when a strange man calling himself The Doctor drags her into an alien invasion attempt!    "	7.6	1	"Rose"
2	"The Doctor takes Rose to the year 5 billion to witness the destruction of the Earth.    "	7.7	1	"The End of the World"
3	"The Doctor has great expectations for his latest adventure when he and Rose join forces with Charles Dickens to investigate a mysterious plague of zombies.    "	7.7	1	"The Unquiet Dead"
4	"The Doctor returns Rose to her own time - well, sort of - but her family reunion is ruined when a spaceship crashes in the middle of London. What is the origin of the spaceship, and where has the Prime Minister gone in this time of crisis?    "	7.1	1	"Aliens of London"
5	"The fiendish Slitheen have been unmasked as the ones who crashed the spaceship into London as part of a ruse to trigger World War Three. But how can The Doctor save the planet when he's trapped inside a locked room?    "	7.1	1	"World War Three"
6	"The Doctor and Rose travel to the year 2012 and land in a museum of extra-terrestrial objects accumulated by the very wealthy Henry van Statten. He's an avid collector - the TARDIS lands on the museum's 53rd floor below ground level - but he's also using alien technology to develop new weapons from which he derives his large income. He's particularly proud of one device he's acquired but has not yet been able to make functional and to the Doctor's horror, it turns out to a very old and very dangerous enemy from the past.    "	8.7	1	"Dalek"
7	"The Doctor and Rose arrive in the year 200,000 to see The Fourth Great and Bountiful Human Empire. But something has gone wrong - someone is holding back the development of mankind. Who could have done this? And why?    "	7.3	1	"The Long Game"
8	"All of her life, Rose's mother told how great a man her father Pete was. He was killed by a hit and run driver when Rose was just a baby and among her many regrets was that her father died alone, just lying on the street. Rose asks the Doctor to take her back to that day. Rather than just be with him when he dies, she actually saves him and later admits that this was her plan all along. She soon realizes that her parents' marriage was not exactly the golden relationship she had claimed it to be. Far worse however, is that by saving her father, Rose has created a tear ...    "	8.4	1	"Father's Day"
9	"Rose and the Doctor find themselves in 1941 London when the TARDIS receives an emergency signal from another time-traveling vehicle. While the Doctor tries to determine where the object may have landed, Rose goes off in search of a child she can hear calling for help. When she gets herself into a precarious situation, she's rescued by the rather handsome RAF Captain Jack Harkness, who owns a time machine of his own. The Doctor meanwhile meets Nancy who has an interesting way of arranging meals for homeless children. They are also being chased by the child Rose heard ...    "	9.2	1	"The Empty Child"
10	"The Doctor, Rose and Captain Jack Harkness are still in the hospital with the gas mask-wearing mutants and are having some trouble finding a way out. The Doctor determines that the ambulance Captain Jack was using in his scam contained nano genes, similar to the one's he used to repair Rose's rope-burned hands. Only in this case, there are enough nano genes on the loose to ""repair"" an entire species and they have no idea what a human looks like in the first place. The future of the human race lies in Nancy accepting her true relationship to the little boy who is ...    "	9.2	1	"The Doctor Dances"
11	"Stopping off in present-day Cardiff to recharge the TARDIS, The Doctor, Rose and Jack encounter an old foe in the midst of hatching a scheme that could destroy the entire planet.    "	7.2	1	"Boom Town"
12	"Jack, The Doctor and Rose have been kidnapped and forced to play terrible and deadly games. But what happens to the bodies of the murdered contestants? And what sinister plot do the games hide?    "	8.7	1	"Bad Wolf"
13	"The Dalek fleet is poised to destroy the Earth and only The Doctor, Rose, Jack and a band of television producers can stop them.    "	9.1	1	"The Parting of the Ways"
0	"It's Christmas Eve, but this is to be a far from silent night - the cruel Sycorax have come to Earth to enslave mankind and, as ever, only The Doctor can stop them. Unfortunately, he's lying in a coma in Jackie's home...    "	8.2	2	"The Christmas Invasion"
1	"As Rose Tyler embarks upon her first big TARDIS adventure with the newly-regenerated Doctor, they discover a sinister hospital run by strange cat people and run in to two old acquaintances, The Face of Boe and Cassandra.    "	7.6	2	"New Earth"
2	"The Doctor and Rose are transported to 19th Century Scotland, where they meet Queen Victoria, and try to protect her from a ravenous werewolf and a band of assassinating warrior-monks    "	8.0	2	"Tooth and Claw"
3	"The Krillitanes - aliens with a mix-and-match physiology - are trying to crack the 'God-Maker', a paradigm to give them ultimate power. They are using children as a computer, and only the Doctor and Rose, re-united with Sarah Jane Smith and K9 can prevent them from becoming masters of time and space.    "	8.4	2	"School Reunion"
4	"The Doctor, Mickey and Rose land on a spaceship in the 51st century only to find 18th century Versailles on board, the time of Madame De Pompadour! To find out what's going on the Doctor must enter Versailles and save Madame De Popmpadour but it turns into an emotional roller coaster for the Doctor.    "	9.3	2	"The Girl in the Fireplace"
5	"Upon landing on an alternate version of the Earth, The Doctor, Rose and Mickey learn that Peter Tyler is apparently alive and well. Lurking in the shadows are creatures made to destroy - one of The Doctor's greatest fears have come true...the Cybermen are reborn.    "	7.8	2	"Rise of the Cybermen"
6	"Lumic's army of cybermen is on the rise, and with more and more people being converted by the hour, time is of the essence. The gang are reduced to fugitives as they roam the streets of parallel London trying to rid the earth of cybermen.    "	8.0	2	"The Age of Steel"
7	"In 1950s London, the police are hunting down strange, mute creatures. The people of Britain gather around their new-fangled ""tele-vision"" sets to celebrate the new Queen's coronation - but is something affecting the signal?    "	7.0	2	"The Idiot's Lantern"
8	"The TARDIS lands on an alien planet shrouded in a darkness that even the Doctor can't figure out. And what is lurking at the bottom of The Satan Pit?    "	8.8	2	"The Impossible Planet"
9	"As Rose battles the murderous Ood, the Doctor finds his every belief being challenged to the core, as the Pit beckons. With the planet threatening to fall into the black hole, the Doctor must make the ultimate sacrifice.    "	8.9	2	"The Satan Pit"
10	"A run in with the Doctor at a young age leads Elton to a group who's studying him, they become friends and have a laugh until Victor Kennedy arrives. Suddenly everything becomes more serious then people start disappearing from the group. Can the Doctor save Elton and explain his past before he's absorbed by the Absorbaloff    "	6.3	2	"Love & Monsters"
11	"The Doctor and Rose travel to London in 2012 to see the Olympics - only to find that children are mysteriously disappearing before peoples very eyes. The answer seems to lie with a young girl named Chloe and her strange drawings - but is there something more sinister behind the disappearances?    "	6.1	2	"Fear Her"
12	"As the ghosts of loved ones appear, the whole world celebrates. But as the Doctor investigates he believes that there is a more sinister motive behind their appearence. And deep within the Torchwood tower, a mysterious sphere containing the greatest enemies of the Doctor is opened...    "	8.6	2	"Army of Ghosts"
13	"Earth becomes the battlefield for the greatest and deadliest war of all time, as the Daleks and the Cybermen clash with the whole universe at stake. The Doctor and Rose, reunited with old friends and Cybermen experts Mickey and Jake, race to find a way to bring the war to an end before it brings about the destruction of the whole of space and time. But the Doctor soon faces an even bigger dilemma - could ending the war mean the death of Rose?    "	9.3	2	"Doomsday"
0	"The Doctor is baffled when a young woman is transported to the TARDIS on her wedding day, and attempts to find out how she is connected to an alien plot to destroy Earth.    "	7.6	3	"The Runaway Bride"
1	"When the hospital she works at is transported to the moon, medical student Martha Jones joins forces with The Doctor to hunt down an alien fugitive before the oxygen runs out.    "	8.0	3	"Smith and Jones"
2	"The Doctor takes Martha to London in 1599, where William Shakespeare's new play is being used by three witches in an evil plan.    "	7.8	3	"The Shakespeare Code"
3	"The Doctor takes Martha to New Earth, where she is kidnapped by two carjackers and taken to an underground Motorway, where the remainder of humanity on the planet live in perpetual gridlock.    "	8.1	3	"Gridlock"
4	"The Doctor and Martha travel to New York in 1930, where people have been mysteriously vanishing from the streets, and an old enemy resurfaces.    "	7.1	3	"Daleks in Manhattan"
5	"Concluding part to Daleks in Manhattan. In 1930s New York, the Daleks' plan is in full force. Faced with the cyborgs' most evil and dangerous scheme yet, will the Doctor and Martha be able to defeat their greatest opponents?    "	7.0	3	"Evolution of the Daleks"
6	"The famous Dr Lazarus has appeared to discover the secret of eternal youth - but do his experiments hide a sinister secret?    "	6.8	3	"The Lazarus Experiment"
7	"On a spaceship headed straight for the center of the sun, The Doctor only has 42 minutes to save Martha and the rest of the ship's crew from an inevitable doom...    "	7.5	3	"42"
8	"In 1913, Martha watches in jealousy from afar as The Doctor learns what it is to be human and to fall in love with the local school nurse, Joan Redfern.    "	9.0	3	"Human Nature"
9	"The Doctor must deal with the repercussions of his decision to become human, as The Family Of Blood unveil themselves...    "	9.2	3	"The Family of Blood"
10	"Sally Sparrow receives a cryptic message from the Doctor about a mysterious new enemy species that is after the TARDIS.    "	9.8	3	"Blink"
11	"Soon after bumping into old friend Jack Harkness, Martha and The Doctor head off to Malcassairo, a distant planet where an old professor will do anything he can to keep his people alive...    "	8.8	3	"Utopia"
12	"The Doctor, Martha and Jack return to the 21st Century eighteen months after the Doctor and Martha left. They find they've missed the election, and the new Prime Minister, Harold Saxon, is someone they've met before by another name.    "	8.8	3	"The Sound of Drums"
13	"It's been a year since The Master unleashed the mysterious Toclafane onto Earth. With the human race and The Doctor enslaved under The Master's control, Martha Jones is the only person that can help stop the evil Time Lord.    "	8.4	3	"Last of the Time Lords"
0	"A spacecraft set on an apocalyptic collision course with Earth, a host of killer robot angels and an evil severed headed mastermind - it's just another Christmas for the Doctor... 2007 Christmas special guest starring Kylie Minogue.    "	7.7	4	"Voyage of the Damned"
1	"With a new weight-loss pill tested in London by Adipose Industries, The Doctor goes to investigate the sinister truth behind the product, only to find out that his old friend Donna Noble is investigating as well.    "	7.8	4	"Partners in Crime"
2	"Instead in Rome, The Doctor and Donna Noble end up visiting Pompeii in AD 79, on the eve of the catastrophic eruption of Mount Vesuvius, before anyone even knew it was actually a volcano.The entire city is doomed for destruction.    "	8.1	4	"The Fires of Pompeii"
3	"Finding themselves on the Ood-Sphere planet in the 42nd century, The Doctor and Donna discover the truth over the Ood's willingness to serve humankind.    "	8.1	4	"Planet of the Ood"
4	"UNIT's newest recruit Martha Jones enlists The Doctor's help to investigate kid genius Luke Rattigan and his ATMOS system that is used in every car on Earth.    "	7.6	4	"The Sontaran Stratagem"
5	"With planet Earth choking under the poison sky, the Doctor must stop the Sontarans' threat to the planet.    "	7.7	4	"The Poison Sky"
6	"Caught in the middle of a war between the Humans and the Hath in the planet Messaline, the Doctor finds himself once again a father.    "	7.8	4	"The Doctor's Daughter"
7	"With a 1926 dinner party turning into a murder mystery, The Doctor and Donna Noble get the chance to meet Agatha Christie on the eve of her well-known 9-days disappearance.    "	7.8	4	"The Unicorn and the Wasp"
8	"The Doctor and Donna join a group of archaeologists at a 51st century library. What caused the library to become abandoned? What are the Nodes? And what links the library to one little girl? All they have is one warning - count the shadows.    "	9.3	4	"Silence in the Library"
9	"With the library darkening, the Doctor takes on the Vashta Nerada while figuring out what links River Song to his future. Meanwhile, Donna finds out the mystery of Dr. Moon and the Girl.    "	9.5	4	"Forest of the Dead"
10	"As part of a well-deserved holiday, the Doctor takes a tour on a planet called Midnight. Little does he know that something is knocking on the walls, although the planet shouldn't be inhabited. Soon the passengers begin to panic when one of them is possessed.    "	9.0	4	"Midnight"
11	"What would happen if Donna never met the Doctor? How would Earth handle the Racnoss, the falling Titanic or the Sontarans? Aided by a familiar blonde time traveler, Donna corrects the alternate time line from happening.    "	8.9	4	"Turn Left"
12	"The return of an old enemy leaves Earth along with 26 other planets stolen from their places. As the Doctor and Donna look for the whereabouts of Earth, former companions of the Doctor assemble a resistance against the new Dalek Empire.    "	9.1	4	"The Stolen Earth"
13	"In the wake of Davros' threat to destroy the existence of the Universe itself, the Doctor's companions unite to stop the Dalek empire. Which one will die by the prophecies and what will the fate be for the Doctor?    "	9.2	4	"Journey's End"
1	"With his TARDIS in ruins, the newly-regenerated Doctor with the help of Amy Pond must save the world in less than twenty minutes from galactic policemen known as the Atraxi.    "	8.8	5	"The Eleventh Hour"
2	"The Doctor takes Amy to the future inside Starship UK, which contains in addition to British explorers, an intimidating race known as the Smilers.    "	7.7	5	"The Beast Below"
3	"The TARDIS takes The Doctor and Amy to war-torn Britain in the middle of World War Two. Not only do they meet Winston Churchill himself, but the Doctor comes face to face once again with his greatest enemy of all.    "	6.9	5	"Victory of the Daleks"
4	"The Doctor and Amy emerge from the TARDIS to find the wreck of the Byzantium spaceship. Down below the Weeping Angels are stirring, but the Doctor has someone else to contend with; none other than the mysterious Professor River Song.    "	8.8	5	"The Time of Angels"
5	"The Doctor, Amy, Dr. Song and the remaining soldiers manage to escape from the crashed ship and into the forest. The Angels attempt to create a rift in time and space much as the Doctor had found in Amy's room when they first met. Amy meanwhile is counting down from 10 minutes and the Doctor has determined that an Angel has taken over her mind.    "	8.6	5	"Flesh and Stone"
6	"The Doctor and Amy cross swords in more ways than one with a horde of blood-sucking vampires in 16th century Venice.    "	7.2	5	"The Vampires of Venice"
7	"Five years after finally leaving the TARDIS Amy and Rory now married, live in the quiet little village of Leadworth. But everything is not what it would seem.    "	8.3	5	"Amy's Choice"
8	"The Doctor tries to get everyone to Rio, but nothing quite goes as planned. They arrive in a small Welsh village where the Doctor immediately senses that the ground isn't quite right. There is a drilling rig nearby that has reached a depth of 21 kilometers when odd things begin to happen. A local village man has disappeared and soon after Amy is swallowed into the ground. The Doctor realizes that the drilling has disturbed an ancient reptilian race that has lived deep underground for thousands upon thousands of years and who are determined to protect themselves ...    "	7.4	5	"The Hungry Earth"
9	"The Doctor and Nasreen Chaudry go deep underground and find an ancient society that has been disturbed by the drilling. They are gassed and taken prisoner just as Amy manages to free herself. The military commander of the underground reptilians, Restac, is convinced that the ""apes' - their term for humans - are an invading force. Calmer heads prevail and the Doctor manages to negotiate a truce pending the transfer of prisoners which he, and some of the more pacifist members of the reptilians, hopes will lead to a lasting peace. The only problem is that Alaya, the ...    "	7.6	5	"Cold Blood"
10	"The Doctor and Amy travel back in time to meet Vincent Van Gough and face an invisible monster that only the painter can see    "	9.3	5	"Vincent and the Doctor"
11	"No sooner does the TARDIS land on Earth that it leaves again - but without the Doctor who had just stepped outside. The Doctor soon finds himself at the home of Craig Owens, who has been advertising for a lodger. There's clearly something odd in the house with people being lured to the upstairs room, but never reappearing. The Doctor is having a good time of it and is having a bit of fun; he proves to be a rather good football player. Craig the landlord is very much in love with Sophie but can't quite bring himself to tell her. The Doctor tries to help them out. But ...    "	8.3	5	"The Lodger"
12	"River Song returns to deliver The Doctor a serious warning from his allies: the mythical Pandorica, said to contain the most feared creature in the entire Universe, is opening.    "	9.1	5	"The Pandorica Opens"
13	"The Pandorica opened, silence fell, and now planet Earth is left alone in the universe. Jumping through time, the doctor must figure out a way to bring back those who never were and save his friends from the collapse of reality.    "	9.2	5	"The Big Bang"
0	"A space liner, with a large number of passengers aboard, is in difficulties while flying through the atmosphere of an unknown planet. Amy and Rory have been spending some time on board in the honeymoon suite and they quickly appear on deck. Amy calls the doctor for help and the TARDIS soon appears ahead of the ship. However the Doctor cannot save them and the only other option is to land on the planet below. There the Doctor meets a Scrooge like figure by the name of Kazran Sardick, the only person that can save Amy, Rory and all the other lives on the Spacecraft. The...    "	8.6	6	"A Christmas Carol"
1	"The Doctor, Amy, Rory and River Song are reunited in the Utah desert.    "	9.0	6	"The Impossible Astronaut"
2	"Still in 1969, the Doctor has come to the conclusion that the alien creatures are only seen when they directly look at them. As soon as you look away, any memory of their presence is wiped clean. The aliens are also able to leave suggestions in people's minds, and aren't invaders per se, but have been on Earth for a very long time. While the Doctor works to ensure the success of Apollo 11, the others try to solve the mystery of the little girl in the space suit.    "	8.9	6	"Day of the Moon"
3	"When members of a pirate crew sail across the deep, scary, dangerous blue sea, Rory, Amy, and the Doctor find their way into trouble as what the crew thinks is a Siren, a mysterious creature of legend, claims them one by one.    "	6.9	6	"The Curse of the Black Spot"
4	"While traveling in the TARDIS with Rory and Amy, the Doctor hears a knock on the TARDIS doors. Bewildered and no doubt curious, he answers, only to be presented with a mysterious box which carries a distress signal. Believing it to be from a fellow Time Lord, the cosmic nomad whisks himself and his companions outside the boundaries of the universe on what should be a rescue mission. But what everyone finds is a dark Junk-yard planet populated by the bizarre Auntie, Uncle and Nephew. Last and not least among the strange inhabitants is a mentally unstable woman that ...    "	9.1	6	"The Doctor's Wife"
5	"The Doctor, Amy and Rory arrive in a future Earth where a small group of humans operate a plant extracting highly dangerous chemicals. To minimize the danger to themselves, they create clones made of a plastic-like substance, 'gangers' (short for doppelganger) who do the actual work. While forming their clones however, the Earth is struck by massive solar flare activity that transfer the humans' emotions and memories in addition to their technical abilities. As they all try to deal with what has happened, the gangers are clearly no longer prepared to accept the ...    "	7.3	6	"The Rebel Flesh"
6	"As the dopplegangers - 'gangers' for short - fight their makers, both Doctors, the real one and his ganger, try to find a way to restore the power and get everyone off the island. Both Doctors claim to be the 100% real thing, something Amy can't quite grasp. Rory meanwhile is trying to find Jennie but when he locates her and her ganger, he can't tell them apart. Having selected one of them, they discover of a company secret forces their hand. He soon realizes he's made an error. There is another ganger in the group however.    "	7.5	6	"The Almost People"
7	"A member of The Doctor's team has been abducted and he will call in every favor and maybe even go to war to get them back.    "	9.2	6	"A Good Man Goes to War"
8	"In the desperate search for Melody Pond, the TARDIS crash lands in Thirties Berlin, as the time-travelling drama returns for the second half of the series shown earlier in the year. The Doctor comes face to face with the greatest war criminal in the Universe. And Hitler. Old friendships are tested to their limits as the Doctor suffers the ultimate betrayal and learns a harsh lesson in the cruelest warfare of all. As precious time ebbs away, the Doctor must teach his adversaries that time travel has responsibilities. And he must succeed before an almighty price is paid.    "	8.2	6	"Let's Kill Hitler"
9	"A young boy living in a tower block on a council estate sends out, unknowingly, a psychic distress call transmitted to the Doctor's 'psychic paper'. When the doctor and his associates eventually find the correct flat in the tower block, they are inadvertently sent by the boy into a doll house, where they are terrorized by life-size peg dolls, and are threatened with becoming peg dolls themselves.    "	7.2	6	"Night Terrors"
10	"Amy is trapped in a quarantine facility for victims of an alien plague which could kill the doctor in minutes if he were to catch it. So Rory is the only one who can go into the facility to save her but can he save her before she is killed by kindness?    "	8.6	6	"The Girl Who Waited"
11	"The Doctor, Amy and Rory become trapped in a hotel of horrors unable to escape and unable to find the TARDIS. The Doctor must save as many people as he can taking many twists and seeing his own worst fear.    "	8.2	6	"The God Complex"
12	"After traveling for 200 years and leaving messages for Amy Pond across time and space, the Doctor realizes his time is up, its time to settle down and accept his future at Lake Silencio. . . . . .But not before one last goodbye. The Doctor travels to England and visits Craig and Sophie, who are now happily married and struggling with parenthood. Not everything is well, as the Doctor soon finds himself miraculously working at a shop and battling Cybermen.    "	7.8	6	"Closing Time"
13	"April 22nd, 2011; 5:02pm. Having finally accepted his fate the Doctor travels to Lake Silencio for his final day. But one woman refuses to let time take its course.    "	8.7	6	"The Wedding of River Song"
0	"It's Christmas Eve, 1938, when Madge Arwell comes to the aid of an injured Spaceman Angel as she cycles home. He promises to repay her kindness - all she has to do is make a wish. Three years later, a devastated Madge escapes war-torn London with her two children for a dilapidated house in Dorset. She is crippled with grief at the news her husband has been lost over the channel, but determined to give Lily and Cyril the best Christmas ever. The Arwells are surprised to be greeted by a madcap caretaker whose mysterious Christmas gift leads them into a magical wintry ...    "	7.4	7	"The Doctor, the Widow and the Wardrobe"
1	"The Doctor, along with Amy and Rory who are headed for divorce, are kidnapped by the Daleks. They find themselves before the Dalek Parliament and the Doctor is quite surprised when he learns why: they want him to save them. A ship has crashed on the one place they will not go - the Asylum, where mad Daleks are sent to spend the rest of their days. Once there, they are assisted by the only survivor of the crash, Oswin, who has been there for a year awaiting rescue and making souffl√©s to pass the time. Which leads the Doctor to ask the most important question of all: ...    "	8.7	7	"Asylum of the Daleks"
2	"After a lengthy absence, the Doctor returns to Earth and scoops up up Amy and Rory for yet another adventure. He also manages somehow to include Rory's dad, Brian Williams. Those aren't the only travelers however as Queen Nefertiti and big-game hunter John Riddell are also on board. The TARDIS next reappears on board a large ship and the Doctor is delighted to find a cargo of prehistoric dinosaurs on board. Using the ship's computers, Amy determines that the ship's crew is nowhere to be found. There is someone on board however who has no intention of giving up his ...    "	7.6	7	"Dinosaurs on a Spaceship"
3	"The Doctor gets a Stetson (and a gun), and finds himself the reluctant Sheriff of a Western town under siege by a relentless cyborg who goes by the name of The Gunslinger. But who is he and what does he want?    "	7.5	7	"A Town Called Mercy"
4	"Earth is suddenly visited by millions of small black cubes of unknown origin. The Doctor joins Amy, Rory and Rory's father, Brian, to help discover what these cubes bring for humanity.    "	7.7	7	"The Power of Three"
5	"The Doctor takes Amy and Rory to New York, where the Weeping Angels are waiting for them. River Song returns.    "	9.1	7	"The Angels Take Manhattan"
6	"London, 1892. Snow is trying to evolve, feeding off of the nightmares of a little girl. But the Doctor has given up on saving the world. It is up to a young governess named Clara to convince him, with just one word, to save the day.    "	8.5	7	"The Snowmen"
7	"A chance phone call reunites the Doctor with Clara in the present day. A mysterious organization, lead by the evil Miss Kizlet, sends robots known as ""Spoonheads"" to steal the minds of people who use the company's WiFi. The Doctor and Clara must work together to find the location of the organization and destroy it before the whole world is trapped by the WiFi.    "	8.1	7	"The Bells of Saint John"
8	"Still not quite able to explain just who she is, the Doctor and Clara set off on their first adventure. He takes her to see the Rings of Akhaten and its famous pyramid. The residents of the 7 planets rotating around the same sun all believe the pyramid is the source of all life in the universe. There are quite a few visitors there for the Festival of Offering and Clara and helps a young girl, Merry, to have the confidence to perform an important ceremony to sooth and keep the Old God asleep. When Merry is drawn into the pyramid the Doctor and Clara go after her. When ...    "	7.4	7	"The Rings of Akhaten"
9	"The Doctor and Clara find themselves dealing with Cold War tensions when the TARDIS lands aboard a disabled Soviet ballistic submarine. The Doctor isn't the only alien being on board however - while engaged in undersea drilling, Professor Grisenko thought he'd found a mammoth and brought the creature on the boat encased in ice. It isn't a mammoth but an Ice Warrior, who has been lying dormant for 5000 years. He identifies himself as Grand Marshal Skaldak but when he cannot contact others of his kind, he assumes he is the last of his race. He now has every intention of...    "	7.3	7	"Cold War"
10	"The Doctor and Clara arrive at an old manor house in 1974 where Alec Palmer and Emma Grayling are investigating the existence of a ghost. Alec is a former army Major, now a psychologist, whilst Emma is an empathic psychic who can not only sense the presence of paranormal beings, but can sense their feelings as well. Palmer explains the house has been haunted for hundreds of years, and the ghost - a woman - is likely much older. Emma senses the ghost is very lonely, but the Doctor realises she's not a ghost at all, but a creature trapped in a zone where time moves much...    "	7.9	7	"Hide"
11	"The Doctor and Clara find themselves aboard a space freighter that has taken the TARDIS on-board as salvage. While the Doctor is ejected, Clara finds herself wandering through the vehicle exploring it's many - seemingly infinite - rooms. The Doctor re-enters the TARDIS accompanied by three workers from the salvage ship and they have but 30 minutes to find her. There are creatures in the depths of the TARDIS and the time travel machine will do whatever it takes to protect itself. There is a rupture in time however and the TARDIS is leaking recent history....which the ...    "	7.6	7	"Journey to the Centre of the TARDIS"
12	"The Doctor and Clara arrive in 19th century Yorkshire where moral crusader Mrs Gillyflower is recruiting beautiful people for her idyllic garden city. At the same time rigid corpses dyed red are piling up and the brother of one of the victims seeks help from Madame Vastra. She and her party travel to Yorkshire where they rescue Doctor Who and Clara from the clutches of Mrs Gillyflower. They discover that the woman is a fanatical exponent of ethnic cleansing who plans to do away with those who do not meet her standards - even her daughter Ada. The Doctor and his allies...    "	7.5	7	"The Crimson Horror"
13	"Hedgewick's World of Wonders was once the greatest theme park in the galaxy, but it's now the dilapidated home to a shabby showman, a chess playing dwarf and a dysfunctional army platoon. When the Doctor, Clara, Artie and Angie arrive, the last thing they expect is the re-emergence of one of the Doctor's oldest foes. The Cybermen are back!    "	7.5	7	"Nightmare in Silver"
14	"The Doctor's friends are being kidnapped, which leads him to the fields of Trenzalore, where his greatest secret will be revealed and Clara's mystery will be solved.    "	9.1	7	"The Name of the Doctor"
1	"When the newly-regenerated doctor arrives in Victorian London, he finds a dinosaur rampant in the Thames and a spate of deadly spontaneous combustions.    "	8.0	8	"Deep Breath"
2	"The Doctor and Clara find themselves inside of a supposedly good Dalek.    "	7.8	8	"Into the Dalek"
3	"In Sherwood Forest, the Doctor uncovers a sinister alien plot and forms an alliance with Robin Hood. With Nottingham at stake, the Doctor must decide who is real and who is fake.    "	7.2	8	"Robot of Sherwood"
4	"When ghosts of past and future crowd into their lives, The Doctor and Clara are thrown into an adventure that takes them to the very end of the universe.    "	9.0	8	"Listen"
5	"The Doctor and Clara must break into the most secure bank in the universe.    "	8.1	8	"Time Heist"
6	"The terrifying Skovox Blitzer is ready to destroy all humanity - but worse, and any second now, Danny Pink and the Doctor are going to meet.    "	7.5	8	"The Caretaker"
7	"In the near future, the Doctor and Clara find themselves on a space shuttle making a suicide mission to the Moon. Crash-landing on the lunar surface they find the most terrible things.    "	7.1	8	"Kill the Moon"
8	"On the most beautiful train in history, speeding amongst the stars of the future, a deadly and immortal creature is stalking the passengers.    "	8.6	8	"Mummy on the Orient Express"
9	"A problem happens with the Tardis, trapping the Doctor inside and leaving Clara to fend for herself against a two dimensional enemy.    "	8.5	8	"Flatline"
10	"One morning in London, and every city and town in the world, the human race wakes up to the most surprising invasion yet: the trees have moved back in. Everywhere, in every land, a forest has grown and taken back the Earth.    "	6.2	8	"In the Forest of the Night"
11	"In the mysterious world of the Nethersphere, plans have been drawn. Old friends and old enemies manoeuvre around the Doctor, and an impossible choice is looming over him.    "	8.8	8	"Dark Water"
12	"With Cybermen on the streets of London, old friends unite against old enemies and the Doctor takes to the air in a startling new role. As the Doctor faces his greatest challenge, sacrifices must be made before the day is won.    "	8.0	8	"Death in Heaven"
0	"The Doctor and Clara face their Last Christmas. Trapped on an Arctic base, under attack from terrifying creatures, who are you going to call? Santa Claus!    "	8.4	9	"Last Christmas"
1	"When the skies of Earth are frozen by a mysterious alien force, Clara needs her friend, the Doctor. But where is he and what is he hiding from?    "	8.6	9	"The Magician's Apprentice"
2	"Trapped and alone in a terrifying Dalek city, the Doctor is at the heart of an evil Empire; no sonic, no TARDIS, nobody to help. With his greatest temptation before him, can the Doctor resist? And will there be mercy?    "	8.6	9	"The Witch's Familiar"
3	"Under a lake a gleaming black spaceship is recovered but there is nothing inside. When the base crew start dying, they discover that ghosts are real. The Doctor and Clara arrive to find the base under siege and the Doctor discovers that this is more than a ghost story.    "	8.4	9	"Under the Lake"
4	"In a town that never was, the Doctor and his friends are being stalked by a mysterious figure. With the past and future in the balance, can the Doctor stop the evil Fisher King? And more importantly, who composed Beethoven's 5th.    "	8.2	9	"Before the Flood"
5	"In a Viking village, a girl named Ashildr is about to make a desperate mistake. The Mire are the deadliest mercenaries in the galaxy, famed for showing no mercy and Ashildr has just declared war on them. The Doctor and Clara have 12 hours to turn a peaceful village into strong fighters, ready for the deadly Mire.    "	7.8	9	"The Girl Who Died"
6	"England, 1651. A deadly highwayman known only as 'The Knightmare' plagues the dark streets of London, his fire-breathing accomplice by his side. There's something clearly more than human here, and that includes the loot as much as the outlaws. Who are these creatures, and are they enemies to be fought, or friends who might possibly save the Doctor from certain doom on the gallows?    "	7.8	9	"The Woman Who Lived"
7	"The fragile peace between the Humans and the Zygons is on a knife edge. Tensions run high as factions within the Zygon community seek to incite violent action against Humans. Called in by UNIT, the Doctor and Clara fight to bring the situation under control. But one question remains: Where on Earth is Osgood?    "	8.0	9	"The Zygon Invasion"
8	"With the Zygons invading England, and UNIT neutralized, the Doctor stands alone to stop the Zygons from taking over the entire planet. But how can he stop the Zygons? And how can he save his friends?    "	8.7	9	"The Zygon Inversion"
9	"Vision recovered from the wreckage of Le Verrier Space Station shows how the Doctor and Clara became entangled in a rescue mission. As the footage plays out, a horrifying secret is uncovered.    "	6.1	9	"Sleep No More"
10	"The Doctor and Clara are called back to earth when Rigsy discovers a strange tattoo on the back of his neck that appears to be counting down to zero. Their investigation leads them to a hidden street in the middle of London, the discovery that Rigsy has been issued a death sentence, and one of them facing the choice of having to make the ultimate sacrifice; to face the Raven!    "	8.7	9	"Face the Raven"
11	"Trapped in a world unlike any other he has seen, the Doctor faces the greatest challenge of his many lives. One final test. And he must face it alone...    "	9.6	9	"Heaven Sent"
12	"If you took everything from him, betrayed him, trapped him, and broke both his hearts... how far might the Doctor go? Returning to Gallifrey, the Doctor faces the Time Lords in a struggle that will take him to the end of time itself. Who is the Hybrid? And what is the Doctor's confession?    "	8.9	9	"Hell Bent"
13	"When a crashed spaceship calls upon the Doctor for help, he finds himself recruited into River Song's squad and hurled into a chase across the galaxy.    "	8.6	9	"The Husbands of River Song"
0	"In New York, with brain-swapping aliens poised to attack, the Doctor and Nardole link up with an investigative reporter and a mysterious masked superhero known only as the Ghost. Can the Doctor save Manhattan? And what will be revealed when we see behind the mask?    "	7.6	10	"The Return of Doctor Mysterio"
1	"The Doctor and Nardole team up with a university student to take down a sinister life-mimicking alien.    "	8.1	10	"The Pilot"
2	"In the far future, at the edge of the galaxy, there is a gleaming, perfect city. This brand new human settlement is said to hold the secret of human happiness - but the only smiles the Doctor and Bill can find are on a pile of grinning skulls. Something is alive in the walls, and the emojibots are watching from the shadows, as the Doctor and Bill try to unravel a terrifying mystery...    "	7.3	10	"Smile"
3	"The Doctor and Bill visit London during the last of the River Thames frost fairs in February 1814. They soon discover that there is something under the ice which is causing people to disappear.    "	7.5	10	"Thin Ice"
4	"Bill is moving in with some friends and they've found the perfect house rented by the landlord. The wind blows, the floorboards creak and the Doctor thinks something is very wrong.    "	7.7	10	"Knock Knock"
5	"When the Doctor, Bill and Nardole become trapped on a space station without oxygen, they discover the spacesuits are trying to kill them.    "	8.3	10	"Oxygen"
6	"The Haereticum holds an ancient book known only as The Veritas. Throughout history, anyone who has ever read it has immediately taken their own life. When a new translation is online, spreading danger, the Vatican appeals to the Doctor for help. Will he read The Veritas? But can even the Doctor survive the ultimate truth?    "	8.6	10	"Extremis"
7	"A 5,000-year-old pyramid appears overnight, baffling everyone including the Doctor.    "	7.9	10	"The Pyramid at the End of the World"
8	"Earth is invaded and Bill is living alone in occupied Britain. The Doctor appears to be on the side of the enemy, flooding the airwaves with fake news. Bill and Nardole embark on a deadly mission to rescue the Doctor and lead the resistance against the new regime, whatever the cost.    "	7.4	10	"The Lie of the Land"
9	"The Doctor, Bill and Nardole discover a tomb of the Queen of the Ice Warriors on Mars in 1881.    "	7.3	10	"Empress of Mars"
10	"A long time ago, the Roman legion of the ninth vanished into the mists of Scotland. Bill has a theory about what happened, and the Doctor has a time machine. But when they arrive in ancient Aberdeenshire, what they find is a far greater threat than any army. In a cairn, on a hillside, is a doorway leading to the end of the world.    "	7.2	10	"The Eaters of Light"
11	"Trapped on a giant spaceship, caught in the event horizon of a black hole, he witnesses the death of someone he is pledged to protect. Are events already out of control?    "	9.3	10	"World Enough and Time"
12	"The Doctor makes a final stand against an army of Cybermen to protect a tiny band of humans from destruction.    "	9.0	10	"The Doctor Falls"
